{
	"class_name" : "PinholeCameraParameters",
	"extrinsic" : 
	[
		0.8777604934602693,
		-0.058023493017774416,
		0.47557311780461375,
		0.0,
		0.0092775257224362792,
		-0.99039448756800197,
		-0.13795900300953409,
		0.0,
		0.47900985755708031,
		0.12550710439226695,
		-0.86879083967904169,
		0.0,
		1.938730319458756,
		-7.2629776123476564,
		63.923944991726415,
		1.0
	],
	"intrinsic" : 
	{
		"height" : 1016,
		"intrinsic_matrix" : 
		[
			879.88181024498977,
			0.0,
			0.0,
			0.0,
			879.88181024498977,
			0.0,
			959.5,
			507.5,
			1.0
		],
		"width" : 1920
	},
	"version_major" : 1,
	"version_minor" : 0
}